/*
SQLyog Ultimate v13.1.1 (64 bit)
MySQL - 10.4.27-MariaDB : Database - proyecto
*********************************************************************
*/

/*!40101 SET NAMES utf8 */;

/*!40101 SET SQL_MODE=''*/;

/*!40014 SET @OLD_UNIQUE_CHECKS=@@UNIQUE_CHECKS, UNIQUE_CHECKS=0 */;
/*!40014 SET @OLD_FOREIGN_KEY_CHECKS=@@FOREIGN_KEY_CHECKS, FOREIGN_KEY_CHECKS=0 */;
/*!40101 SET @OLD_SQL_MODE=@@SQL_MODE, SQL_MODE='NO_AUTO_VALUE_ON_ZERO' */;
/*!40111 SET @OLD_SQL_NOTES=@@SQL_NOTES, SQL_NOTES=0 */;
CREATE DATABASE /*!32312 IF NOT EXISTS*/`proyecto` /*!40100 DEFAULT CHARACTER SET utf8mb4 COLLATE utf8mb4_general_ci */;

USE `proyecto`;

/*Table structure for table `ambientes` */

DROP TABLE IF EXISTS `ambientes`;

CREATE TABLE `ambientes` (
  `id_amb` int(11) NOT NULL AUTO_INCREMENT,
  `nom_amb` varchar(100) DEFAULT NULL,
  `cen_fk` int(11) DEFAULT NULL,
  PRIMARY KEY (`id_amb`),
  KEY `Centro_FK` (`cen_fk`),
  CONSTRAINT `ambientes_ibfk_1` FOREIGN KEY (`cen_fk`) REFERENCES `centros` (`cen_id`)
) ENGINE=InnoDB AUTO_INCREMENT=5 DEFAULT CHARSET=utf8mb4 COLLATE=utf8mb4_general_ci;

/*Data for the table `ambientes` */

insert  into `ambientes`(`id_amb`,`nom_amb`,`cen_fk`) values 
(1,'SISTEMAS',1),
(2,'ARTES GRAFICAS',1),
(3,'CONFECCIONES',1),
(4,'ADSO',1);

/*Table structure for table `categoria` */

DROP TABLE IF EXISTS `categoria`;

CREATE TABLE `categoria` (
  `id_cate` int(11) NOT NULL AUTO_INCREMENT,
  `nom_cate` varchar(50) DEFAULT NULL,
  PRIMARY KEY (`id_cate`)
) ENGINE=InnoDB AUTO_INCREMENT=4 DEFAULT CHARSET=utf8mb4 COLLATE=utf8mb4_general_ci;

/*Data for the table `categoria` */

insert  into `categoria`(`id_cate`,`nom_cate`) values 
(1,'ELECTRONICOS'),
(2,'PAPELERIA'),
(3,'AUTOMOTRIZ');

/*Table structure for table `centros` */

DROP TABLE IF EXISTS `centros`;

CREATE TABLE `centros` (
  `cen_id` int(11) NOT NULL AUTO_INCREMENT,
  `nom_centro` varchar(100) DEFAULT NULL,
  `dir_centro` varchar(50) DEFAULT NULL,
  `tel_centro` char(15) DEFAULT NULL,
  `sub_dir_nom` char(30) DEFAULT NULL,
  `muni_id` char(20) DEFAULT NULL,
  PRIMARY KEY (`cen_id`),
  KEY `fk_muni123` (`muni_id`)
) ENGINE=InnoDB AUTO_INCREMENT=2 DEFAULT CHARSET=utf8mb4 COLLATE=utf8mb4_general_ci;

/*Data for the table `centros` */

insert  into `centros`(`cen_id`,`nom_centro`,`dir_centro`,`tel_centro`,`sub_dir_nom`,`muni_id`) values 
(1,'CIYA','CALLE 30 #6B','301239234','JUAN OLIVARES','1');

/*Table structure for table `departamento` */

DROP TABLE IF EXISTS `departamento`;

CREATE TABLE `departamento` (
  `id_depart` char(10) NOT NULL,
  `nom_depart` varchar(20) DEFAULT NULL,
  `pais_id_fk` char(10) DEFAULT NULL,
  PRIMARY KEY (`id_depart`),
  KEY `paisfk` (`pais_id_fk`)
) ENGINE=InnoDB DEFAULT CHARSET=utf8mb4 COLLATE=utf8mb4_general_ci;

/*Data for the table `departamento` */

/*Table structure for table `detalleinve` */

DROP TABLE IF EXISTS `detalleinve`;

CREATE TABLE `detalleinve` (
  `id_inv` int(10) DEFAULT NULL,
  `id_obj` int(11) DEFAULT NULL,
  KEY `idobje` (`id_inv`),
  CONSTRAINT `idinve2` FOREIGN KEY (`id_inv`) REFERENCES `inventario` (`id_inve`),
  CONSTRAINT `idobje` FOREIGN KEY (`id_inv`) REFERENCES `objetos` (`id_obj`)
) ENGINE=InnoDB DEFAULT CHARSET=utf8mb4 COLLATE=utf8mb4_general_ci;

/*Data for the table `detalleinve` */

/*Table structure for table `detalles` */

DROP TABLE IF EXISTS `detalles`;

CREATE TABLE `detalles` (
  `obj_id` int(11) NOT NULL,
  `atri_obj` text DEFAULT NULL,
  `val_ingre` bigint(20) NOT NULL,
  `est_obj` varchar(20) NOT NULL,
  `est_plac` varchar(40) DEFAULT NULL COMMENT 'estado placa',
  KEY `ObjetoID` (`obj_id`),
  CONSTRAINT `detalles_ibfk_2` FOREIGN KEY (`obj_id`) REFERENCES `objetos` (`id_obj`)
) ENGINE=InnoDB DEFAULT CHARSET=utf8mb4 COLLATE=utf8mb4_general_ci;

/*Data for the table `detalles` */

/*Table structure for table `inventario` */

DROP TABLE IF EXISTS `inventario`;

CREATE TABLE `inventario` (
  `id_inve` int(10) NOT NULL,
  `fech_inve` datetime DEFAULT NULL,
  `Obs_inve` varchar(50) DEFAULT NULL COMMENT 'Observaciones',
  `Est_inve` varchar(10) DEFAULT NULL COMMENT 'Activo/Dado de baja/En pausa',
  PRIMARY KEY (`id_inve`)
) ENGINE=InnoDB DEFAULT CHARSET=utf8mb4 COLLATE=utf8mb4_general_ci;

/*Data for the table `inventario` */

/*Table structure for table `municipio` */

DROP TABLE IF EXISTS `municipio`;

CREATE TABLE `municipio` (
  `id_muni` char(10) NOT NULL,
  `nom_muni` varchar(20) DEFAULT NULL,
  `depart_id_fk` char(10) DEFAULT NULL,
  PRIMARY KEY (`id_muni`),
  KEY `fkdepar` (`depart_id_fk`),
  CONSTRAINT `fkdepar` FOREIGN KEY (`depart_id_fk`) REFERENCES `departamento` (`id_depart`),
  CONSTRAINT `fkmuni123` FOREIGN KEY (`id_muni`) REFERENCES `centros` (`muni_id`)
) ENGINE=InnoDB DEFAULT CHARSET=utf8mb4 COLLATE=utf8mb4_general_ci;

/*Data for the table `municipio` */

/*Table structure for table `objetos` */

DROP TABLE IF EXISTS `objetos`;

CREATE TABLE `objetos` (
  `id_obj` int(11) NOT NULL AUTO_INCREMENT,
  `id_cate` int(11) DEFAULT NULL,
  `ser_obj` varchar(30) NOT NULL COMMENT 'serial del objeto',
  `id_amb` int(11) DEFAULT NULL,
  `fech_adqui` datetime DEFAULT NULL,
  `est_obj` varchar(30) DEFAULT NULL,
  `obser_obj` varchar(30) DEFAULT NULL COMMENT 'Observaciones del objeto',
  `tip_obj` varchar(10) DEFAULT NULL,
  `marc_obj` varchar(15) DEFAULT NULL,
  `val_obj` bigint(20) DEFAULT NULL,
  `qrimagen` blob DEFAULT NULL,
  PRIMARY KEY (`id_obj`),
  KEY `TipoObjetoID` (`id_cate`),
  KEY `amb_id` (`id_amb`),
  CONSTRAINT `objetos_ibfk_4` FOREIGN KEY (`id_amb`) REFERENCES `ambientes` (`id_amb`),
  CONSTRAINT `objetos_ibfk_5` FOREIGN KEY (`id_cate`) REFERENCES `categoria` (`id_cate`)
) ENGINE=InnoDB AUTO_INCREMENT=61 DEFAULT CHARSET=utf8mb4 COLLATE=utf8mb4_general_ci;

/*Data for the table `objetos` */

insert  into `objetos`(`id_obj`,`id_cate`,`ser_obj`,`id_amb`,`fech_adqui`,`est_obj`,`obser_obj`,`tip_obj`,`marc_obj`,`val_obj`,`qrimagen`) values 
(58,1,'12019282',1,'2024-06-14 00:00:00','ACTIVO','En bueno estado ','Portatil','Acer',100000,'PNG\r\n\Z\n\0\0\0\rIHDR\0\04\0\04\0\0\0ϟ\0\0\0IDATx\Z~\0\05IDATAn֒@RɲW$;ZpZqZqZqZqZqZqZqZqZqZqZqZqZqZqZC*bR*NTbRybRy;*PbR9TN*NTN*&;*~_xb>b>b>⇗UI7UL*S*wTL\'\'*wTL*SŤrR1<rRqGśTT&7]G\\G\\GTxDDbRCeTNTIe8T&bR9bRTIeR7UܡrR&;*~Zk}Zk}Zk}*&De*&IeR9TI	\'*&M*SŤ2Tܡ2UܡrRqGŉTb>b>b>⇏8xbRTRŤrR1LʉʉʉoRbRbR*N*&\'T/XkXkXkU&bR*&De8Q*&IDe8TTN*P*&bRyʛ*NTTDZk}Zk}Zk}/SbR*TIeTIDeTNTT1LT1LʉT&bR9Q*NT.Z#.Z#.Z#S*NTN*PMe*S*\'IŤ*P*P9b>b>b>/RbR*&\'TN*&	I削IeTMoR*P*NTT\'*NTxb>b>b>*wTI削bRyDeTN*NT8Q*NTN*&	7UL*SŉTqIZk}Zk}Zk}UL*SŤDT1LʤDŉʉTDŤ2UTL*\'*SŤrR1L*S*\'\'*\'TqGŉIŉTZk}Zk}Zk}TN*NT\'TbR*&;*&DeT;TK*NTT1TL*wTL*OTL*\'wLoXkXkXkᡊ\'*&\'TP*NTN*&;TI厊\'*NTN*&bR*&⎊IDeTޤrRq2Lʤ2U.Z#.Z#.Z#H厊IexIŤrGŤDŉT1TL*\'\'*\'T1TL*OTL*wTܡ2UL*\'\'*wT<qZqZqZaE*SŤ򦊿2Uܡ2UL*SŉTqrGŉIŤrR1T<rR1TL*SŤrR1LIŤrR1TL*SŤ2U<qZqZqZC*wTL*Sŉʤ2UIeTPM*\'wbR*&;TIbR*NT\'T;*&;T7]G\\G\\GIbRM*\'\'*SŤDŤ2ULIŤ2UL*wTIebRT\'TNTN*P9TT\'.Z#.Z#.Z#~xbRCeCDY\'*OTL\'*\'T1L\'wL*wTL*IoXkXkXkIe8Q98Q9TIbRybR9xBeT;TI厊IexB≋RyST1LTqR1QqrRq*OLOTL*\'*SŉTqG*\'Tq*\'OLSś.Z#.Z#.Z#~c\'*\'bRyDeTIeR*&IDe*N*PCeT\'*NTNT;*Tq2U<qZqZqZCʉTqR1;TN*&7UL*SŤ2Q1TL*\'\'ʉoRDeRKkkk?<T1<rRqrRq2UIeCeTPyDDbRM\'*T1QqGŉIŤ2UL*oXkXkXkULIŤ2UQ1L\'*SŤ2UܡDʤrGŉ_TIeT&;*P*N*&;*tZqZqZ*NTP*T;*~Tq2U<DŤrR1TTCeTTZk}Zk}Zk}QI*OTܡrGŤ2UL*SŤDŤrGŉT1TܡrRq\'*Sŉo8Q≋RDbxSŉ*SŉʤrGŤ2UL*\'wTܡ2UL*bR*&T&;*NTtZqZqZ*P*NTTI7L*SŤ2UL**SŉIŤ&DeTbRC厊7]G\\G\\G?E*S*\'OL\'*SŉT1QTqIŤ2UL*SŤ2U<2UI削;T7Ub>b>b>*SoR9TxTq2UQTN*~IŤ2UM*\'IZk}Zk}Zk}LeT~S*\'*wTLIſIeTCbR9xS*wL\'*SŉT1L*S*Skkk?LDeCeTx≊;*&;T\'TxBbR9TTqGŤ2ULoR*&Mkkk^2UL*bRbRM*wTL*\'\'*bRDe8QyDbR*P/xb>b>b>⇇TTqTDŤ2Uܡ2U/C厊IbR9TN*NTN*N*NT;TN*&tZqZqZ*&bR9Q*~T1Q1Q1ܡrR1Ie8DDbR9T;T;*P*P*~Zk}Zk}Zk}≊;T;*&;*Tq2U;TN*&bT;TIbRy≊IexZk}Zk}Zk}UL*O<Q1LwTL*\'*Sŉ*\'*SIŤr*&Ie*NTIDeRybR*&≋R*P*NTT;*xTq2LT1L\'*\'wL\'T1IeTIeKwTL*b>b>b>⇇*&bR*NTT1LoRybR9Q*IeTIbTT1L\'*\'T1b>b>b>⇇TNTIbR*&bR7UܡrGT1LwTL*SIŤ2UL*\'*\'*ST1Lo8Q9TNTN*&bR*tZqZqZa;*P*NTTI/UL*SŤD*\'IŤ2UL*wTTܡrR1LwLO\\G\\G\\G?E*SŤ2UTL*SŤ2UL*SŉIŉT1Q&bR	bR	;*&IeT/]G\\G\\GTqGŉT1T&IbR*Pyb88Q9Q*&bR9Q*NT\'*N*&Ie8T7]G\\G\\G?C*wTL*\'Tq2UT<rR1LoT;TߤrG*wTL*\'\'*wTL*\'~T1LT1U<Q1<QT1LT1TTL*SŉTqR1<rGŤrR1L\'\'*SoXkXkXkTqrGŤ*&bR*&;*NT~SŤrRqrR1TL*SŉTqD*\'\'*SŤ2U<2U~TqTqrR1LTqGŤrrR1LwL\'*wTL*SŉʉT1ULTqrRqRq2UL*\'*wTLIś.Z#.Z#.Z#~xTDŤ2ULʤ2UbR*P9CDeTDM*SŤ2UL*SoT&b8Q*XkXkXkeIŤrRqGŤ2TL*\'*\'OTQ1L*OTLSŤ2U<rʤ2UL*\'ʛTtZqZqZCTqG*\'\'OTL*SŤ2UTL*OTL*\'*S*\'*S*S*SŤrTq2UTTLwTTLT1Lʛ*&;*&bR*P*NT8Q*&7LTq*NTMO\\G\\G\\GPŤ2Uܡ2UL\'*OTQ1LIe8Q;*&Ib8TbR9TP*NTN*PyZk}Zk}Zk}LDeC厊IeT;T\'*&bRCe*ޤ2UL\'wTL*SŤ2ULoXkXkXk\"bR*ޤrR1L\'*\'I*SŤrR1L\'*SŤ2UL*SŤ2U<2UL*SŉTT\'.Z#.Z#.Z#~e*SIŤrT1LSŤ2LoR9TNTN*xB削I削\'*P9*&	bR*&;*tZqZqZS*N*NTP9TNT8QybR9Q*NTN*IeR*&7<DŉT1UL*wTL*T1L^VqrIIIŉʤ2Uܡ2UܡrGŉ*SŤ2UL*Sś*&bR9CbRTP*&bR*tZqZqZaߤ2UL*SśTT1TL*SŤD*wTTQqIŤrR1TL*\'T.Z#.Z#.Z#~xYŤ2Uܡ2UTL\'oRDDeTIbR*&⎊ITDŤ2LʤrRqG*Sś.Z#.Z#.Z#~e\'oTP*&bR9Q*P*&	\'*&;*&Ie88Q*NTIeR*NTDexb>b>b>?rR1I	7ܡ*&bR*NT8T;TPyBMkkkLIŤ2UL*SŉIŤrRq2U&7UL*SŤ2ULTT1LwLwLO\\G\\G\\G_*&bRybR*N*PCeTCe8Q*&7UTLI*SŉIT񦋵^V&7UL*⎊7TܡrGſIe8Q9T\'TN*TT\'.Z#.Z#.Z#~e*wTܡr*Sŉ\'*\'SŤ2UL*S*OTTL*T1LOTL*SŤDŤ2Lw<Q1>bR9xS_T⎊MOLʉoxS*wTb>b>b>⇏Q*NTTN*&bR9Q*NTbRCeTIe8Q9TNTIeR*&;*&IeT.Z#.Z#.Z#~e7U%bR*&\'T8Q*&7UTL*\'*SŤ2LOLT_vZqZqZTUL*wTLIe8Q9TNTTq2UL*\'wTL*SŤ&⎊IbR9xZk}Zk}Zk}yJ>\0\0\0\0IENDB`'),
(60,2,'Bbnn',2,'2024-06-16 00:00:00','EN USO','Bbn','Bbnnnnn','Bbnnnn',9646464,'PNG\r\n\Z\n\0\0\0\rIHDR\0\04\0\04\0\0\0ϟ\0\0\0IDATx\Z~\0\0IDATA˒@22GK_j=7?XkxXkxXkxXkxXkxXkxXkxXkxXkxXkxXkxXkxXkxXkxXkxXkC*Sŉ7UPQ1TL\'*SŤrR1TTL*SŤrRqCDFŤrR1ܨTO<K<K<Keߤ*>2UP*>Qq򉊓T1LʤrRqRqrR1ܨTo&ozXkxXkxXkᗩܨrRqrRM*S\rOTL*\'\'*nTL*T1LT	*S7Lߤr7=K<K<Kr*\'7TDeTNT>QqCeTN*nL7*N*&oT*SzzzU|T1UL7TN*>Q1ܨT&OIeT>Q1L7TN*a^a^a^_V7LI7L7*&OܨTN*nLT1LS\rbRQqrRZkZkZk_7LT1LT1LT1LT1LT1LTqR1LT1LT1LTqCe8Q=K<K<KRŤrbR9QT_TNTnT/Q9Q*>Q1L\'7T%kkkIŤrR1ܨTN*&*\'I7ITM*SŤ2ULP9Mkkk?|He8TN*NTIeR92UL*\'Ie&OTL\'*Sŉ7LbR*NTN*zzz	He8Q*NTIe8Q98QQ1TM\'*SŤrRqCFŤ2UL*bR98Q*&O<K<K<K|@eT>Q1T|SŉT1TL*\'ߤ2UPQ1L7TI7UP*&\'*7*&T񉇵zzz	/R*&Ie8QDŤrR1ܨ8Q*&IDe2UL*SŤ2UL*7*&IFŤrbRDŤrRqO<K<K<K8IeR982UL7*&7TFōʉʍIeR*&T1|ZkZkZk/R98Q9rR1ܨI\rbR*&DeTI7L\'*SŤ2UܨTbR*~ZkZkZk_2UTP*IeR*NT>rC*SŤM*7Tnܨ8Q*NT>Q1LSŉ\rbT񉇵zzz>MIT1TPrR1LʍIeR*NTbR9ʉTqR1LʍI*&I7=K<K<K|TM*S\rTIe8Q*>2UL*7*NT*\'ʍIeT>Qq2UTTܨMkkk?|HDbRrRqrR1LSIŤrRq2UTMT1Lߤ2UL*SŤrr_R*nTMkkk?|IŉT1ܨ8Q*NT>Qq*>2U|BFŉʤ/8Q*&IDDZ%Z%Z%~T1L\'T*P9TNTbR\'DeTIeOTLT1L\'*S\'Z%Z%Z%~e\'TqCeQ1L*SŤrbR*NTIDe88QQM*SōIʉTM*TNTzzzLeT*SŤrRqC\'ʍI\'TnL\'*IIŤ2U|bRQMkkkP*&OTL*\'7TN*&*SŤ2UL7UL*SŤ2UL*S7ܨT>QqCoTIeTZ/Z/Z/Ç*&IDbR*N*&\'*\'7T\'*SŤrR1ܨ2UܨT&IeT>Q1ܨ8Q_Z/Z/Z/aDDT1LIeTN*NTOL7TIe8Q*nLIDbR9TIeZkZkZkQq	oR*&bR*&\'*\'SŉTqbR9rrR1LIŤ2UL7*NTNTZkZkZkR*&bR*NTN*NTNTIF\'*N*&D*\'P*&Ie8T~SŉT1TP98QD7=K<K<K*7TITN*&bR*&b8QQq2UL*SIŉIIŤ2L\'*SōIeR*nTLT1LZ/Z/Z/aOTL*SŤMIŤM\'*TIYŉ\'*&OLoTnTzzz	L7UL*S\rIeTN*IFŉI\r7TT1|SŤ*NTO<K<K<KIeTnTL*SŤ2UT|BeTNTN*N*nܨTIŤrCeD7TL*SŤ2U|bR9Tzzz	HTq2UL*7*&bR92UL*IFŤrR1ܨTIeTI*Kkkk?|He8T*S\rbR*>Q1TL*SŤ2UL*SŤ2UL*\'7TnTL*SŉʉT1L\'*7TN*nܨZkZkZkTN*nL7TN*N*&OTL*\'*7*N*&bR9Q*>rCeTN*&*SŉT1L\'*\'*SŉT1LZ/Z/Z/ÇTIeRQqCIIŉ\'*&bRʉʍTqrRqrR1M*SŤ\'a^a^a^?*&*SŤ2UL*SŤ2U|TqC_R1TLoTIeTKT񉇵zzz	_oʍIeTKT1L\'*S7ܨTII7=K<K<KCTnT|ʍIF\rT\'*&*SŤMʍIIŤ2Uzzz>rRqrRq2UPTq2LPQ1UTL*\'\'*\'*\'7TnTL*SŉʍI*&IT񉇵zzzbR*nL\'*SōIbR*N*nTT|Be*~IŉʤbR9TIe8Q*&ʤZ%Z%Z%~UL*Iʍ*S\roRQ1LS\rIe8Q98Q1L7TN*Z/Z/Z/×L\rbRDŤrR	TbR*n|Be8TIbRTN*&*\'TqrCeZkZkZk_VqbR*&*SIŤrRM*\'*SŤ_R*N*&*Tq2U|BbRM*S7=K<K<KCT>Q/S*&OTL*SŤ2UL*\'\'*SŤ/TIeTN*NTN*&DZ%Z%Z%~T	7T>Q1T|T1LIŤ2ULTqCbR*NTN*&T1TPkkk?IeTN*&DeQq2UL*ʍ*7*&bR*NTTqrR1|BeQ1|Z%Z%Z%>*\'I\rOTL*SŉI\rIDeTIeIŉTqr*\'\'*\'zzz	/R9TnT|B*NTo2U|B*&bRDŉTq2UܨTI7=K<K<K|@e8QQ1TL*\'7TN*NTN*&IeTI*\'TqCo&OTP98QQMkkk_2UP92UL*TIeIŉʍ7TOTTTP*NTDZ%Z%Z%~TqCeOT|Be8Q&FōIe2U*nTܨTbR9Q7=K<K<K*\'IŤ2UL\'7TnTPTIe2UL\'*7*&T1LP9Q9TNTnTzzz	/R98Q*&OTLoIŤ2UL\'*\'TqCeTIߤ2UܨrRqCeZkZkZkR98Q9Q*nܨQq2UL*7TbRʉTqRqRqCe2UL*SŤ2|b8Q9TNTN*NTa^a^a^*S\'TT1|bRQq*&OT|Be8QDŤrR1L\'*\'T1TL*S7=K<K<KIeTN*&bTnTL*\'ʍoTN*&*\'\'*nܨToRQ1ܨQ1La^a^a^XŤ2UܨTIeR*nܨ8Q2U|BbT&bRTq2UL*P*&bR*&DeR*NTa^a^a^LT1TM*7*nL7T&OT|SIŤ2U|SIŤ2LSŤ2UL*\'*\'*7*N*&IF\'Z%Z%Z%~e\'7TNTIDeIeTNT>Q1L\rITnTL*SōOLT1TLTq2U|ZkZkZkTIF\r_rR1|DT1T|BeTN*NTnTL7UL*\'Z/Z/Z/a?Le8QQ1|De2UܨT*SŉT1TLP*n|DeozXkxXkxXkC*S7UL*I\rIŉIŉ\rDTnTL\'*SōIDTqR1MkkkP*Ie8Q9TIFŤ2U|BTqCerR1ܨTN*NT>Q1T|BF\ra^a^a^_rTq2UTP*&OTL*TqRq2U|bR*N*&I7L\'T>Q1La^a^a^g*NTIIIŤrrRqrR1PQ1ܨ8QTnTTܨTN*NTN*nLZkZkZk*&oDŤ7UL*7*&IŤ2UL*2L7TbRTIDF\'Z%Z%Z%~eSŤr2UL*ߤrRq2ULIŉʍIe8Q*&ITI7UTܨTKkkk?|IeTNTnT|SIōb8QʉTToQq2UL7*&7=K<K<K<K<K<K<K<K<K<K<K<K<K<K<K<K<K<Kᡵʕs \0\0\0\0IENDB`');

/*Table structure for table `roles` */

DROP TABLE IF EXISTS `roles`;

CREATE TABLE `roles` (
  `id_Rol` int(11) NOT NULL AUTO_INCREMENT,
  `nom_Rol` varchar(255) DEFAULT NULL,
  `createdAt` datetime DEFAULT NULL,
  `updatedAt` datetime DEFAULT NULL,
  PRIMARY KEY (`id_Rol`)
) ENGINE=InnoDB AUTO_INCREMENT=10 DEFAULT CHARSET=utf8mb4 COLLATE=utf8mb4_general_ci;

/*Data for the table `roles` */

insert  into `roles`(`id_Rol`,`nom_Rol`,`createdAt`,`updatedAt`) values 
(1,'ADMINISTRADOR',NULL,NULL),
(2,'FUNCIONARIO',NULL,NULL),
(3,'APRENDIZ',NULL,NULL);

/*Table structure for table `token` */

DROP TABLE IF EXISTS `token`;

CREATE TABLE `token` (
  `id_token` int(11) NOT NULL AUTO_INCREMENT,
  `token` varchar(255) NOT NULL,
  `fec_caducidad` int(11) NOT NULL,
  `user_id_fk` int(11) NOT NULL,
  `tipo_token` varchar(255) NOT NULL,
  `createdAt` datetime NOT NULL,
  `updatedAt` datetime NOT NULL,
  PRIMARY KEY (`id_token`),
  KEY `user_id_fk` (`user_id_fk`),
  CONSTRAINT `token_ibfk_1` FOREIGN KEY (`user_id_fk`) REFERENCES `usuario` (`num_doc`) ON DELETE CASCADE ON UPDATE CASCADE
) ENGINE=InnoDB AUTO_INCREMENT=56 DEFAULT CHARSET=utf8mb4 COLLATE=utf8mb4_general_ci;

/*Data for the table `token` */

insert  into `token`(`id_token`,`token`,`fec_caducidad`,`user_id_fk`,`tipo_token`,`createdAt`,`updatedAt`) values 
(5,'eyJhbGciOiJIUzI1NiIsInR5cCI6IkpXVCJ9.eyJlbWFpbCI6ImFuZHJlc0BnbWFpbC5jb20iLCJpYXQiOjE3MTUzNTA4NTEsImV4cCI6MTcxNTQzNzI1MX0.pjYEDf5eNB7NB-LSoI4QhFGTl9XFUZIuCDBQC59g6nw',1715437251,123456,'1','2024-05-10 14:20:51','2024-05-10 14:20:51'),
(6,'eyJhbGciOiJIUzI1NiIsInR5cCI6IkpXVCJ9.eyJlbWFpbCI6ImtlaW5lckBnbWFpbC5jb20iLCJpYXQiOjE3MTUzNTA4OTMsImV4cCI6MTcxNTQzNzI5M30.cIPZzlkRP6fT2ktszvOldWpfrI5DygkhaRr1fbMtioE',1715437293,11111,'1','2024-05-10 14:21:33','2024-05-10 14:21:33'),
(7,'eyJhbGciOiJIUzI1NiIsInR5cCI6IkpXVCJ9.eyJlbWFpbCI6ImFuZHJlc0BnbWFpbC5jb20iLCJpYXQiOjE3MTU2OTA4OTIsImV4cCI6MTcxNTc3NzI5Mn0.XYn9LNtG5Ns__as0F1_ITzD4ZQTueU3iEo2PcQ-bpUQ',1715777292,123456,'1','2024-05-14 12:48:12','2024-05-14 12:48:12'),
(8,'eyJhbGciOiJIUzI1NiIsInR5cCI6IkpXVCJ9.eyJlbWFpbCI6ImFuZHJlc0BnbWFpbC5jb20iLCJpYXQiOjE3MTU2OTIwMzYsImV4cCI6MTcxNTc3ODQzNn0.pXHV7kdUPgiUiHXzSY3r3eQmlugIFg6lXAbWfdYSZ5c',1715778436,123456,'1','2024-05-14 13:07:16','2024-05-14 13:07:16'),
(9,'eyJhbGciOiJIUzI1NiIsInR5cCI6IkpXVCJ9.eyJlbWFpbCI6ImtlaW5lckBnbWFpbC5jb20iLCJpYXQiOjE3MTU2OTIwNzgsImV4cCI6MTcxNTc3ODQ3OH0.E6R6F4xhXPgZXLsFcO5iCqyJf1_5SQ1cCxNyO41fZ7g',1715778478,11111,'1','2024-05-14 13:07:58','2024-05-14 13:07:58'),
(10,'eyJhbGciOiJIUzI1NiIsInR5cCI6IkpXVCJ9.eyJlbWFpbCI6ImtlaW5lckBnbWFpbC5jb20iLCJpYXQiOjE3MTU2OTIwNzksImV4cCI6MTcxNTc3ODQ3OX0.uFfCKs-QxH1jM6_K4300swTeEiCvyfYcHmu0mrdypWs',1715778479,11111,'1','2024-05-14 13:07:59','2024-05-14 13:07:59'),
(11,'eyJhbGciOiJIUzI1NiIsInR5cCI6IkpXVCJ9.eyJlbWFpbCI6ImFuZHJlc0BnbWFpbC5jb20iLCJpYXQiOjE3MTU2OTIxMjQsImV4cCI6MTcxNTc3ODUyNH0.Fjr3tWlIp2uc62nxzZJ6KQSwhKr8EQGjvgRxpOnpasI',1715778524,123456,'1','2024-05-14 13:08:44','2024-05-14 13:08:44'),
(12,'eyJhbGciOiJIUzI1NiIsInR5cCI6IkpXVCJ9.eyJlbWFpbCI6ImFuZHJlc0BnbWFpbC5jb20iLCJpYXQiOjE3MTU2OTc5NTksImV4cCI6MTcxNTc4NDM1OX0.WLciRDK3X9KVtoQqMmKcI37H2MdmePvmnGUr3EaFNI4',1715784359,123456,'1','2024-05-14 14:45:59','2024-05-14 14:45:59'),
(13,'eyJhbGciOiJIUzI1NiIsInR5cCI6IkpXVCJ9.eyJlbWFpbCI6ImFuZHJlc0BnbWFpbC5jb20iLCJpYXQiOjE3MTU3MDM0MDEsImV4cCI6MTcxNTc4OTgwMX0.Ba0IC8qGbXcgX8JaLuGjKYQgaf8imH6NtZj8dUvnrKw',1715789801,123456,'1','2024-05-14 16:16:41','2024-05-14 16:16:41'),
(14,'eyJhbGciOiJIUzI1NiIsInR5cCI6IkpXVCJ9.eyJlbWFpbCI6ImFuZHJlc0BnbWFpbC5jb20iLCJpYXQiOjE3MTU3MDM0MTYsImV4cCI6MTcxNTc4OTgxNn0.uBj1H5fGpXxfAW2kvZP8owcpa4roNT-tSyd2LiLtXz0',1715789816,123456,'1','2024-05-14 16:16:56','2024-05-14 16:16:56'),
(15,'eyJhbGciOiJIUzI1NiIsInR5cCI6IkpXVCJ9.eyJlbWFpbCI6ImFuZHJlc0BnbWFpbC5jb20iLCJpYXQiOjE3MTU3MDM3OTksImV4cCI6MTcxNTc5MDE5OX0.Q4sIrU2-N6jZOy1gwdPK7azrzlDYtv5PTiz0bXE59VY',1715790199,123456,'1','2024-05-14 16:23:19','2024-05-14 16:23:19'),
(16,'eyJhbGciOiJIUzI1NiIsInR5cCI6IkpXVCJ9.eyJlbWFpbCI6ImtlaW5lckBnbWFpbC5jb20iLCJpYXQiOjE3MTU3MDQ1OTUsImV4cCI6MTcxNTc5MDk5NX0.BVTAG6pxR23hDDkJ0fPL_8KcIQzcn58ZZ_Uh0PH2c-A',1715790995,11111,'1','2024-05-14 16:36:35','2024-05-14 16:36:35'),
(17,'eyJhbGciOiJIUzI1NiIsInR5cCI6IkpXVCJ9.eyJlbWFpbCI6ImtlaW5lckBnbWFpbC5jb20iLCJpYXQiOjE3MTU3NzU0NzEsImV4cCI6MTcxNTg2MTg3MX0.RxDGgkSXHrlzdNSRFaG95TfwXS_ETtwLbOij58CcM9Q',1715861871,11111,'1','2024-05-15 12:17:51','2024-05-15 12:17:51'),
(18,'eyJhbGciOiJIUzI1NiIsInR5cCI6IkpXVCJ9.eyJlbWFpbCI6ImtlaW5lckBnbWFpbC5jb20iLCJpYXQiOjE3MTU3NzU0ODksImV4cCI6MTcxNTg2MTg4OX0.tHrioBCIMhW_euY1EIwVYGznxxKrKMqCSsgJ8d-6_hs',1715861889,11111,'1','2024-05-15 12:18:09','2024-05-15 12:18:09'),
(19,'eyJhbGciOiJIUzI1NiIsInR5cCI6IkpXVCJ9.eyJlbWFpbCI6ImFuZHJlc0BnbWFpbC5jb20iLCJpYXQiOjE3MTY4MTc2NDUsImV4cCI6MTcxNjkwNDA0NX0.RdJVjfEpxgLGcHRUcUaiWax0sjITL2ezUpTct8qFnv8',1716904045,123456,'1','2024-05-27 13:47:25','2024-05-27 13:47:25'),
(20,'eyJhbGciOiJIUzI1NiIsInR5cCI6IkpXVCJ9.eyJlbWFpbCI6ImFuZHJlc0BnbWFpbC5jb20iLCJpYXQiOjE3MTY4MTgyNDUsImV4cCI6MTcxNjkwNDY0NX0.xynEwof7d7syXX_yHbWAsiCCNbPxYBI8vgd3ejDzy0c',1716904645,123456,'1','2024-05-27 13:57:25','2024-05-27 13:57:25'),
(21,'eyJhbGciOiJIUzI1NiIsInR5cCI6IkpXVCJ9.eyJlbWFpbCI6ImFuZHJlc0BnbWFpbC5jb20iLCJpYXQiOjE3MTY4MTg0NzUsImV4cCI6MTcxNjkwNDg3NX0.zGBqqjv_SRWkkdWu1nP0XUzXeAxkfLhUOIokWESme5I',1716904875,123456,'1','2024-05-27 14:01:15','2024-05-27 14:01:15'),
(22,'eyJhbGciOiJIUzI1NiIsInR5cCI6IkpXVCJ9.eyJlbWFpbCI6InNlbmFAZ21haWwuY29tIiwiaWF0IjoxNzE2ODE5NDI2LCJleHAiOjE3MTY5MDU4MjZ9.3xPVDG-YBPopVp7X7TAgopro-cAj9oMLwxTr2vK8pyY',1716905826,1140893630,'1','2024-05-27 14:17:06','2024-05-27 14:17:06'),
(23,'eyJhbGciOiJIUzI1NiIsInR5cCI6IkpXVCJ9.eyJlbWFpbCI6ImFuZHJlc0BnbWFpbC5jb20iLCJpYXQiOjE3MTY4MjAwOTEsImV4cCI6MTcxNjkwNjQ5MX0.pMSPRxqq2pRmcFIZcks3U4TdoXzyMDvQvg2uLHdA6sU',1716906491,123456,'1','2024-05-27 14:28:11','2024-05-27 14:28:11'),
(24,'eyJhbGciOiJIUzI1NiIsInR5cCI6IkpXVCJ9.eyJlbWFpbCI6ImFuZHJlc0BnbWFpbC5jb20iLCJpYXQiOjE3MTY4MjUxMjEsImV4cCI6MTcxNjkxMTUyMX0.Jggv7QIzs-5MIoSagMiT7MMiimjFMtXNYLEMvNYo9As',1716911521,123456,'1','2024-05-27 15:52:02','2024-05-27 15:52:02'),
(25,'eyJhbGciOiJIUzI1NiIsInR5cCI6IkpXVCJ9.eyJlbWFpbCI6ImFuZHJlc0BnbWFpbC5jb20iLCJpYXQiOjE3MTY4MjUxMjIsImV4cCI6MTcxNjkxMTUyMn0.uIuUTYNodKCPi5olt3Pyei1rcvI2Eq0c1E4QMFWyeNM',1716911522,123456,'1','2024-05-27 15:52:02','2024-05-27 15:52:02'),
(26,'eyJhbGciOiJIUzI1NiIsInR5cCI6IkpXVCJ9.eyJlbWFpbCI6ImFuZHJlc0BnbWFpbC5jb20iLCJpYXQiOjE3MTgwNzYxNzksImV4cCI6MTcxODE2MjU3OX0.pF1BXkOgXeEg1Eb8xAIWbPwnqftpIJIWgWouUVOykoU',1718162579,123456,'1','2024-06-11 03:23:00','2024-06-11 03:23:00'),
(27,'eyJhbGciOiJIUzI1NiIsInR5cCI6IkpXVCJ9.eyJlbWFpbCI6ImFuZHJlc0BnbWFpbC5jb20iLCJpYXQiOjE3MTgzMzcxMzIsImV4cCI6MTcxODQyMzUzMn0.Jxq4wezYKnPxbPoLKikAIfVgkBir7cFUCAJwVmSlZuw',1718423532,123456,'1','2024-06-14 03:52:12','2024-06-14 03:52:12'),
(28,'eyJhbGciOiJIUzI1NiIsInR5cCI6IkpXVCJ9.eyJlbWFpbCI6ImFuZHJlc0BnbWFpbC5jb20iLCJpYXQiOjE3MTg1MDI0OTIsImV4cCI6MTcxODU4ODg5Mn0.3h077v-zgyeHxjs0y1vHG_S9fpESfKjc_N040GbAtek',1718588892,123456,'1','2024-06-16 01:48:12','2024-06-16 01:48:12'),
(29,'eyJhbGciOiJIUzI1NiIsInR5cCI6IkpXVCJ9.eyJlbWFpbCI6ImFuZHJlc0BnbWFpbC5jb20iLCJpYXQiOjE3MTg1MDg4MDIsImV4cCI6MTcxODU5NTIwMn0._JQMxsJJJmCcuAl3ULAzn70saUHQecxZGkn_ZrRUn4Y',1718595202,123456,'1','2024-06-16 03:33:22','2024-06-16 03:33:22'),
(30,'eyJhbGciOiJIUzI1NiIsInR5cCI6IkpXVCJ9.eyJlbWFpbCI6ImFuZHJlc0BnbWFpbC5jb20iLCJpYXQiOjE3MTg1MDg4MjksImV4cCI6MTcxODU5NTIyOX0.x-yoPwR2ewAgtinhBWREePZsa0I1HU1LIMS2HlF_PsE',1718595229,123456,'1','2024-06-16 03:33:49','2024-06-16 03:33:49'),
(31,'eyJhbGciOiJIUzI1NiIsInR5cCI6IkpXVCJ9.eyJlbWFpbCI6ImFuZHJlc0BnbWFpbC5jb20iLCJpYXQiOjE3MTg1MDg5ODAsImV4cCI6MTcxODU5NTM4MH0.IMDi-u5UpIi5k7IImMxi7foRN3-2ZOuz24pG0fFxE1Y',1718595380,123456,'1','2024-06-16 03:36:20','2024-06-16 03:36:20'),
(32,'eyJhbGciOiJIUzI1NiIsInR5cCI6IkpXVCJ9.eyJlbWFpbCI6ImFuZHJlc0BnbWFpbC5jb20iLCJpYXQiOjE3MTg1MDkyNjEsImV4cCI6MTcxODU5NTY2MX0.IIMvz-n-s3KpH04kVT-B5Rm-InulY7oUFsS-SzvJBko',1718595661,123456,'1','2024-06-16 03:41:01','2024-06-16 03:41:01'),
(33,'eyJhbGciOiJIUzI1NiIsInR5cCI6IkpXVCJ9.eyJlbWFpbCI6ImFuZHJlc0BnbWFpbC5jb20iLCJpYXQiOjE3MTg1MDkyOTYsImV4cCI6MTcxODU5NTY5Nn0.zwKzUcmFVCOupkd-4J0S5q-GB8qIRbzGVlSlogZSEig',1718595696,123456,'1','2024-06-16 03:41:36','2024-06-16 03:41:36'),
(34,'eyJhbGciOiJIUzI1NiIsInR5cCI6IkpXVCJ9.eyJlbWFpbCI6ImFuZHJlc0BnbWFpbC5jb20iLCJpYXQiOjE3MTg1MDkzMjUsImV4cCI6MTcxODU5NTcyNX0.UPZG8rapiEpW6yRCCK3DOYBfvOTvYY5IZkuq9ZJmptg',1718595725,123456,'1','2024-06-16 03:42:05','2024-06-16 03:42:05'),
(35,'eyJhbGciOiJIUzI1NiIsInR5cCI6IkpXVCJ9.eyJlbWFpbCI6ImFuZHJlc0BnbWFpbC5jb20iLCJpYXQiOjE3MTg1MDk1ODksImV4cCI6MTcxODU5NTk4OX0.6SopDUVCQJXbe_EBNIlmv7WVYCv8hWufZcgbqh1BnZs',1718595989,123456,'1','2024-06-16 03:46:29','2024-06-16 03:46:29'),
(36,'eyJhbGciOiJIUzI1NiIsInR5cCI6IkpXVCJ9.eyJlbWFpbCI6ImFuZHJlc0BnbWFpbC5jb20iLCJpYXQiOjE3MTg1MDk5MzEsImV4cCI6MTcxODU5NjMzMX0.aHyG3xOeDUT5OzNy8R7SZ2iIB49DV3O33PIDiUXUoNY',1718596331,123456,'1','2024-06-16 03:52:11','2024-06-16 03:52:11'),
(37,'eyJhbGciOiJIUzI1NiIsInR5cCI6IkpXVCJ9.eyJlbWFpbCI6ImFuZHJlc0BnbWFpbC5jb20iLCJpYXQiOjE3MTg1MDk5NTcsImV4cCI6MTcxODU5NjM1N30.NwiqSvITl64ATulDixdnQleKWvjd1DqpVcWKVFA7cE4',1718596357,123456,'1','2024-06-16 03:52:37','2024-06-16 03:52:37'),
(38,'eyJhbGciOiJIUzI1NiIsInR5cCI6IkpXVCJ9.eyJlbWFpbCI6ImFuZHJlc0BnbWFpbC5jb20iLCJpYXQiOjE3MTg1MTAyOTEsImV4cCI6MTcxODU5NjY5MX0.l82vx9Zj1lb3ebTCQ2bSAnHFR-6M89eQXd2XkorIOyQ',1718596691,123456,'1','2024-06-16 03:58:11','2024-06-16 03:58:11'),
(39,'eyJhbGciOiJIUzI1NiIsInR5cCI6IkpXVCJ9.eyJlbWFpbCI6ImFuZHJlc0BnbWFpbC5jb20iLCJpYXQiOjE3MTg1MTAzMTcsImV4cCI6MTcxODU5NjcxN30.Oj8r_4blzFUC7Bvgv5gjgQ2HWm57bL7uICnyLKwFXeA',1718596717,123456,'1','2024-06-16 03:58:37','2024-06-16 03:58:37'),
(40,'eyJhbGciOiJIUzI1NiIsInR5cCI6IkpXVCJ9.eyJlbWFpbCI6ImFuZHJlc0BnbWFpbC5jb20iLCJpYXQiOjE3MTg1MTA1MDIsImV4cCI6MTcxODU5NjkwMn0.yXtLsNsTvPndyjv4laRpOwSQ_RF7nrfH6WESD78y9AU',1718596902,123456,'1','2024-06-16 04:01:42','2024-06-16 04:01:42'),
(41,'eyJhbGciOiJIUzI1NiIsInR5cCI6IkpXVCJ9.eyJlbWFpbCI6ImFuZHJlc0BnbWFpbC5jb20iLCJpYXQiOjE3MTg1MTA5NjcsImV4cCI6MTcxODU5NzM2N30.Nk0OQh8y-dqv6Nyl2abqGAMpACjA251vT0Ud_CDisj0',1718597367,123456,'1','2024-06-16 04:09:27','2024-06-16 04:09:27'),
(42,'eyJhbGciOiJIUzI1NiIsInR5cCI6IkpXVCJ9.eyJlbWFpbCI6ImFuZHJlc0BnbWFpbC5jb20iLCJpYXQiOjE3MTg1MTA5NzMsImV4cCI6MTcxODU5NzM3M30.dknFbyUSDoKzqFN8NeQLqe_HUDmPgJRjw-vm3QZV-8c',1718597373,123456,'1','2024-06-16 04:09:33','2024-06-16 04:09:33'),
(43,'eyJhbGciOiJIUzI1NiIsInR5cCI6IkpXVCJ9.eyJlbWFpbCI6ImFuZHJlc0BnbWFpbC5jb20iLCJpYXQiOjE3MTg1MTEwNzIsImV4cCI6MTcxODU5NzQ3Mn0.xdmhL703yFrP2SFrP4IHyNkOmiQZIb9oYdR78DyJT0M',1718597472,123456,'1','2024-06-16 04:11:12','2024-06-16 04:11:12'),
(44,'eyJhbGciOiJIUzI1NiIsInR5cCI6IkpXVCJ9.eyJlbWFpbCI6ImFuZHJlc0BnbWFpbC5jb20iLCJpYXQiOjE3MTg1MTEwNzgsImV4cCI6MTcxODU5NzQ3OH0.OW3iHytw97GpUYbBseeLHrG90mYUcceTUeMEe0eEEVg',1718597478,123456,'1','2024-06-16 04:11:18','2024-06-16 04:11:18'),
(45,'eyJhbGciOiJIUzI1NiIsInR5cCI6IkpXVCJ9.eyJlbWFpbCI6ImFuZHJlc0BnbWFpbC5jb20iLCJpYXQiOjE3MTg1MTEzMjksImV4cCI6MTcxODU5NzcyOX0.eCQkAaMhe84LicHUofEzeMxkPnCjd8xvhvYoAeDjKBU',1718597729,123456,'1','2024-06-16 04:15:29','2024-06-16 04:15:29'),
(46,'eyJhbGciOiJIUzI1NiIsInR5cCI6IkpXVCJ9.eyJlbWFpbCI6ImFuZHJlc0BnbWFpbC5jb20iLCJpYXQiOjE3MTg1MTEzNTMsImV4cCI6MTcxODU5Nzc1M30.a_1LEc0Q9AXgbnEwPAJfF40a3m6FxO3YiuXIYpG_wDc',1718597753,123456,'1','2024-06-16 04:15:53','2024-06-16 04:15:53'),
(47,'eyJhbGciOiJIUzI1NiIsInR5cCI6IkpXVCJ9.eyJlbWFpbCI6ImFuZHJlc0BnbWFpbC5jb20iLCJpYXQiOjE3MTg1MTEzNjMsImV4cCI6MTcxODU5Nzc2M30.7WWYNyUPkOaXR9b73chweLItriX91l7uzUQBR_612EU',1718597763,123456,'1','2024-06-16 04:16:03','2024-06-16 04:16:03'),
(48,'eyJhbGciOiJIUzI1NiIsInR5cCI6IkpXVCJ9.eyJlbWFpbCI6ImFuZHJlc0BnbWFpbC5jb20iLCJpYXQiOjE3MTg1MTE4NzIsImV4cCI6MTcxODU5ODI3Mn0.zvQ_ieP4sEkthtMKVdLX7hGQkqUE6NlBRE-QuaG-rtk',1718598272,123456,'1','2024-06-16 04:24:32','2024-06-16 04:24:32'),
(49,'eyJhbGciOiJIUzI1NiIsInR5cCI6IkpXVCJ9.eyJlbWFpbCI6ImFuZHJlc0BnbWFpbC5jb20iLCJpYXQiOjE3MTg1MTIwOTQsImV4cCI6MTcxODU5ODQ5NH0.XhKMGmEIBZbiloPrLL_V3cSKEAjyXksU1GXCVcyYvQY',1718598494,123456,'1','2024-06-16 04:28:14','2024-06-16 04:28:14'),
(50,'eyJhbGciOiJIUzI1NiIsInR5cCI6IkpXVCJ9.eyJlbWFpbCI6ImFuZHJlc0BnbWFpbC5jb20iLCJpYXQiOjE3MTg1MTIyMzAsImV4cCI6MTcxODU5ODYzMH0.xkdcnrxbA3JuMSmF5XiDhy0S47GtHDe5bU1we1V5b_Y',1718598630,123456,'1','2024-06-16 04:30:30','2024-06-16 04:30:30'),
(51,'eyJhbGciOiJIUzI1NiIsInR5cCI6IkpXVCJ9.eyJlbWFpbCI6ImFuZHJlc0BnbWFpbC5jb20iLCJpYXQiOjE3MTg1MTI1NTUsImV4cCI6MTcxODU5ODk1NX0.xN4cIehLnmoQm_r3QrRknSmJslpurQOBuNZQrsKE9M0',1718598955,123456,'1','2024-06-16 04:35:55','2024-06-16 04:35:55'),
(52,'eyJhbGciOiJIUzI1NiIsInR5cCI6IkpXVCJ9.eyJlbWFpbCI6ImFuZHJlc0BnbWFpbC5jb20iLCJpYXQiOjE3MTg1MTI1ODQsImV4cCI6MTcxODU5ODk4NH0.NSo5gRLeOk0krIDoCWaMltnWqUD_J5S6LNeHzMz41CM',1718598984,123456,'1','2024-06-16 04:36:24','2024-06-16 04:36:24'),
(53,'eyJhbGciOiJIUzI1NiIsInR5cCI6IkpXVCJ9.eyJlbWFpbCI6ImFuZHJlc0BnbWFpbC5jb20iLCJpYXQiOjE3MTg1MTI2OTksImV4cCI6MTcxODU5OTA5OX0.ahS7iudDV0C938fHWPMrkmFiaH_OMwaVpRFNFJ1_tBo',1718599099,123456,'1','2024-06-16 04:38:19','2024-06-16 04:38:19'),
(54,'eyJhbGciOiJIUzI1NiIsInR5cCI6IkpXVCJ9.eyJlbWFpbCI6ImFuZHJlc0BnbWFpbC5jb20iLCJpYXQiOjE3MTg1MTI3MjIsImV4cCI6MTcxODU5OTEyMn0.vmHM4x26w_Z-2_kacUuPSt8TdaA6tzbucHCt70T204I',1718599122,123456,'1','2024-06-16 04:38:42','2024-06-16 04:38:42'),
(55,'eyJhbGciOiJIUzI1NiIsInR5cCI6IkpXVCJ9.eyJlbWFpbCI6ImFuZHJlc0BnbWFpbC5jb20iLCJpYXQiOjE3MTg1MTI3NTEsImV4cCI6MTcxODU5OTE1MX0.mAvGSWkR01v2cujexo6SSFaeJofVNRgy5rHexUUKmS0',1718599151,123456,'1','2024-06-16 04:39:11','2024-06-16 04:39:11');

/*Table structure for table `usuario` */

DROP TABLE IF EXISTS `usuario`;

CREATE TABLE `usuario` (
  `num_doc` int(10) NOT NULL,
  `nom_fun` varchar(30) NOT NULL,
  `ape_fun` varchar(30) NOT NULL,
  `car_fun` varchar(20) NOT NULL COMMENT 'cargo del funcionario',
  `email` varchar(50) NOT NULL,
  `password` varchar(255) NOT NULL COMMENT 'contraseña del funcionario',
  `tip_doc` varchar(4) DEFAULT NULL,
  `tel_fun` varchar(20) DEFAULT NULL,
  `id_rol_fk` int(11) DEFAULT NULL,
  PRIMARY KEY (`num_doc`),
  KEY `fkrol` (`id_rol_fk`),
  CONSTRAINT `fkrol` FOREIGN KEY (`id_rol_fk`) REFERENCES `roles` (`id_Rol`)
) ENGINE=InnoDB DEFAULT CHARSET=utf8mb4 COLLATE=utf8mb4_general_ci;

/*Data for the table `usuario` */

insert  into `usuario`(`num_doc`,`nom_fun`,`ape_fun`,`car_fun`,`email`,`password`,`tip_doc`,`tel_fun`,`id_rol_fk`) values 
(11111,'keiner','manuel','ADMINISTRADOR','keiner@gmail.com','$2b$05$QOUOSmAQ7VXnVgbzt4zuQOGkpUcp6rXmfgSK9Z5Vsb47svPIJ5T3i','cc ','123',2),
(123456,'Jairo','manuel','ADMINISTRADOR','andres@gmail.com','$2b$05$bgL.IVtOJGjOTvpMgoGa6O5ekpCiCzGz06YmohA0gyflEPqIzRBrq','cc ','123',1),
(444444,'JJ','alvarez','fdsflsd','santiago@gmail.com','$2b$05$C1UpyJwYBtMq.ue6Dk8b.uupabt9BGyILxDr..WbUiOdJYCDXIlbu','cc','33333',1),
(1047859632,'Johana','Pertuz','','margarita@gmail.com','$2b$05$QYnM8V0/kkdZgWajti18Ae2QHuQHdVTlmu8RvPSKi0cHjMVV8vroG','CC','3214567896',2),
(1140893630,'Alex ','Maestre','','Sena@gmail.com','$2b$05$q8nM2cKHIerHzJS5z9m6AO5Hilyv2gELbbqHBEFRfiz89MXpJ5jJ6','CC','Xxxxxxx',1);

/*Table structure for table `usuxinve` */

DROP TABLE IF EXISTS `usuxinve`;

CREATE TABLE `usuxinve` (
  `id_fun` int(10) DEFAULT NULL,
  `id_inve` int(10) DEFAULT NULL,
  KEY `idfun` (`id_fun`),
  KEY `idinve` (`id_inve`),
  CONSTRAINT `idfun` FOREIGN KEY (`id_fun`) REFERENCES `usuario` (`num_doc`),
  CONSTRAINT `idinve` FOREIGN KEY (`id_inve`) REFERENCES `inventario` (`id_inve`)
) ENGINE=InnoDB DEFAULT CHARSET=utf8mb4 COLLATE=utf8mb4_general_ci;

/*Data for the table `usuxinve` */

/*!40101 SET SQL_MODE=@OLD_SQL_MODE */;
/*!40014 SET FOREIGN_KEY_CHECKS=@OLD_FOREIGN_KEY_CHECKS */;
/*!40014 SET UNIQUE_CHECKS=@OLD_UNIQUE_CHECKS */;
/*!40111 SET SQL_NOTES=@OLD_SQL_NOTES */;
